,Week 0
City,Budget,Population,Infected,Susceptible,Immune,Healthy,Vaccinated(step),Dead(step)
Simferopol,0,341527,0,341527,0,341527,0,0
Kerch,0,151025,0,151025,0,151025,0,0
Yevpatoria,0,107650,0,107650,0,107650,0,0
Yalta,0,79272,1,79271,0,79271,0,0
Feodosia,0,68029,0,68029,0,68029,0,0
Dzhankoy,0,38438,0,38438,0,38438,0,0
Alushta,0,29963,0,29963,0,29963,0,0
Bakhchysarai,0,26572,0,26572,0,26572,0,0
Krasnoperekopsk,0,25187,0,25187,0,25187,0,0
Saky,0,24727,0,24727,0,24727,0,0
Armyansk,0,21552,0,21552,0,21552,0,0
Sudak,0,16766,0,16766,0,16766,0,0
Belogorsk,0,16405,0,16405,0,16405,0,0
Shcholkine,0,10260,0,10260,0,10260,0,0
Staryi Krym,0,9432,0,9432,0,9432,0,0
Alupka,0,8067,0,8067,0,8067,0,0

,Week 1
City,Budget,Population,Infected,Susceptible,Immune,Healthy,Vaccinated(step),Dead(step)
Simferopol,17059,341843,0,341843,0,341843,17,0
Kerch,7544,150830,0,150830,0,150830,7,0
Yevpatoria,5377,107711,1,107710,0,107710,5,0
Yalta,3959,79358,3,79355,0,79355,3,0
Feodosia,3398,67850,0,67850,0,67850,3,0
Dzhankoy,1920,38369,0,38369,0,38369,1,0
Alushta,1497,29976,0,29976,0,29976,1,0
Bakhchysarai,1327,26557,0,26557,0,26557,1,0
Krasnoperekopsk,1258,25104,0,25104,0,25104,1,0
Saky,1235,24770,0,24770,0,24770,1,0
Armyansk,1076,21570,0,21570,0,21570,1,0
Sudak,838,16747,0,16747,0,16747,0,0
Belogorsk,820,16381,0,16381,0,16381,0,0
Shcholkine,513,10236,0,10236,0,10236,0,0
Staryi Krym,471,9400,0,9400,0,9400,0,0
Alupka,403,8043,0,8043,0,8043,0,0

,Week 2
City,Budget,Population,Infected,Susceptible,Immune,Healthy,Vaccinated(step),Dead(step)
Simferopol,34117,341858,0,341858,0,341858,34,0
Kerch,15070,151152,0,151152,0,151152,15,0
Yevpatoria,10751,107462,1,107461,0,107461,10,1
Yalta,7917,79306,4,79302,0,79302,7,0
Feodosia,6784,67829,0,67829,0,67829,6,0
Dzhankoy,3836,38293,0,38293,0,38293,3,0
Alushta,2993,30030,0,30030,0,30030,2,0
Bakhchysarai,2653,26559,0,26559,0,26559,2,0
Krasnoperekopsk,2511,25126,0,25126,0,25126,2,0
Saky,2471,24771,0,24771,0,24771,2,0
Armyansk,2153,21515,0,21515,0,21515,2,0
Sudak,1674,16741,0,16741,0,16741,1,0
Belogorsk,1638,16339,0,16339,0,16339,1,0
Shcholkine,1023,10260,0,10260,0,10260,1,0
Staryi Krym,941,9364,0,9364,0,9364,0,0
Alupka,805,8013,0,8013,0,8013,0,0

,Week 3
City,Budget,Population,Infected,Susceptible,Immune,Healthy,Vaccinated(step),Dead(step)
Simferopol,51159,341598,0,341598,0,341598,51,0
Kerch,22606,151391,0,151391,0,151391,22,0
Yevpatoria,16108,107573,2,107570,1,107571,16,0
Yalta,11867,79206,6,79199,1,79200,11,2
Feodosia,10166,67765,0,67765,0,67765,10,0
Dzhankoy,5746,38214,0,38214,0,38214,5,0
Alushta,4491,30062,0,30062,0,30062,4,0
Bakhchysarai,3978,26586,0,26586,0,26586,3,0
Krasnoperekopsk,3764,25187,0,25187,0,25187,3,0
Saky,3707,24791,0,24791,0,24791,3,0
Armyansk,3225,21413,0,21413,0,21413,3,0
Sudak,2509,16763,0,16763,0,16763,2,0
Belogorsk,2453,16350,0,16350,0,16350,2,0
Shcholkine,1535,10227,0,10227,0,10227,1,0
Staryi Krym,1408,9353,0,9353,0,9353,1,0
Alupka,1205,8013,0,8013,0,8013,1,0

,Week 4
City,Budget,Population,Infected,Susceptible,Immune,Healthy,Vaccinated(step),Dead(step)
Simferopol,68171,341734,0,341733,1,341734,68,0
Kerch,30145,151364,0,151364,0,151364,30,0
Yevpatoria,21463,107691,6,107683,2,107685,21,0
Yalta,15806,79077,14,79058,5,79063,15,0
Feodosia,13541,67750,0,67750,0,67750,13,0
Dzhankoy,7649,38152,0,38152,0,38152,7,0
Alushta,5989,30054,0,30054,0,30054,5,0
Bakhchysarai,5302,26564,0,26564,0,26564,5,0
Krasnoperekopsk,5019,25095,0,25095,0,25095,5,0
Saky,4942,24742,0,24742,0,24742,4,0
Armyansk,4292,21331,0,21331,0,21331,4,0
Sudak,3344,16720,0,16720,0,16720,3,0
Belogorsk,3267,16426,0,16426,0,16426,3,0
Shcholkine,2045,10315,0,10315,0,10315,2,0
Staryi Krym,1875,9342,0,9342,0,9342,1,0
Alupka,1604,8003,0,8003,0,8003,1,0

,Week 5
City,Budget,Population,Infected,Susceptible,Immune,Healthy,Vaccinated(step),Dead(step)
Simferopol,85173,341685,0,341680,5,341685,85,0
Kerch,37677,151437,0,151432,5,151437,37,0
Yevpatoria,26815,107622,13,107600,9,107609,26,0
Yalta,19726,79028,33,78988,7,78995,19,2
Feodosia,16913,67782,1,67778,3,67781,16,0
Dzhankoy,9548,38122,0,38122,0,38122,9,0
Alushta,7485,30037,0,30037,0,30037,7,0
Bakhchysarai,6624,26545,0,26545,0,26545,6,0
Krasnoperekopsk,6267,25043,0,25042,1,25043,6,0
Saky,6174,24750,0,24750,0,24750,6,0
Armyansk,5354,21368,0,21367,1,21368,5,0
Sudak,4176,16724,0,16724,0,16724,4,0
Belogorsk,4085,16465,0,16465,0,16465,4,0
Shcholkine,2558,10275,0,10275,0,10275,2,0
Staryi Krym,2340,9339,0,9339,0,9339,2,0
Alupka,2002,8008,0,8008,0,8008,2,0

,Week 6
City,Budget,Population,Infected,Susceptible,Immune,Healthy,Vaccinated(step),Dead(step)
Simferopol,102155,341717,3,341692,22,341714,102,0
Kerch,45203,151540,0,151527,13,151540,45,0
Yevpatoria,32151,107533,23,107494,16,107510,32,2
Yalta,23620,78961,71,78873,17,78890,23,5
Feodosia,20281,67787,12,67769,6,67775,20,0
Dzhankoy,11443,38169,0,38168,1,38169,11,0
Alushta,8979,30002,0,30001,1,30002,8,0
Bakhchysarai,7945,26571,0,26570,1,26571,7,0
Krasnoperekopsk,7513,24991,0,24987,4,24991,7,0
Saky,7404,24748,0,24748,0,24748,7,0
Armyansk,6416,21356,0,21353,3,21356,6,0
Sudak,5008,16687,0,16686,1,16687,5,0
Belogorsk,4904,16477,0,16477,0,16477,4,0
Shcholkine,3069,10297,0,10296,1,10297,3,0
Staryi Krym,2805,9301,0,9301,0,9301,2,0
Alupka,2401,7958,0,7956,2,7958,2,0

,Week 7
City,Budget,Population,Infected,Susceptible,Immune,Healthy,Vaccinated(step),Dead(step)
Simferopol,119118,341815,14,341748,53,341801,119,2
Kerch,52728,151641,3,151612,26,151638,52,0
Yevpatoria,37466,107334,54,107253,27,107280,37,2
Yalta,27466,78830,161,78638,31,78669,27,7
Feodosia,23634,67783,45,67721,17,67738,23,2
Dzhankoy,13338,38270,1,38263,6,38269,13,0
Alushta,10469,29978,0,29975,3,29978,10,0
Bakhchysarai,9264,26579,0,26577,2,26579,9,0
Krasnoperekopsk,8754,25026,0,25022,4,25026,8,0
Saky,8633,24732,0,24732,0,24732,8,0
Armyansk,7477,21339,0,21335,4,21339,7,0
Sudak,5837,16719,0,16716,3,16719,5,0
Belogorsk,5723,16437,0,16434,3,16437,5,0
Shcholkine,3581,10222,0,10220,2,10222,3,0
Staryi Krym,3267,9329,0,9329,0,9329,3,0
Alupka,2797,7917,0,7913,4,7917,2,0

,Week 8
City,Budget,Population,Infected,Susceptible,Immune,Healthy,Vaccinated(step),Dead(step)
Simferopol,136059,341936,56,341787,93,341880,136,3
Kerch,60247,151515,20,151456,39,151495,60,0
Yevpatoria,42734,107279,121,107110,48,107158,42,0
Yalta,31208,78753,337,78341,75,78416,31,14
Feodosia,26950,67833,113,67680,40,67720,26,4
Dzhankoy,15236,38339,17,38314,8,38322,15,0
Alushta,11957,29948,1,29943,4,29947,11,0
Bakhchysarai,10583,26566,0,26560,6,26566,10,0
Krasnoperekopsk,9995,24976,0,24969,7,24976,10,0
Saky,9861,24745,0,24741,4,24745,9,0
Armyansk,8536,21420,0,21413,7,21420,8,0
Sudak,6667,16756,0,16754,2,16756,6,0
Belogorsk,6539,16416,0,16412,4,16416,6,0
Shcholkine,4088,10221,0,10218,3,10221,4,0
Staryi Krym,3731,9240,0,9240,0,9240,3,0
Alupka,3190,7862,0,7848,14,7862,3,0

,Week 9
City,Budget,Population,Infected,Susceptible,Immune,Healthy,Vaccinated(step),Dead(step)
Simferopol,152944,341870,178,341528,164,341692,153,8
Kerch,67735,151608,60,151474,74,151548,67,2
Yevpatoria,47924,107144,292,106769,83,106852,47,8
Yalta,34758,78753,700,77897,156,78053,34,30
Feodosia,30193,67794,254,67478,62,67540,30,7
Dzhankoy,17118,38335,72,38239,24,38263,17,4
Alushta,13440,29991,27,29954,10,29964,13,0
Bakhchysarai,11900,26577,3,26564,10,26574,11,0
Krasnoperekopsk,11233,24935,0,24924,11,24935,11,0
Saky,11087,24686,0,24682,4,24686,11,0
Armyansk,9598,21497,0,21488,9,21497,9,0
Sudak,7498,16750,0,16747,3,16750,7,0
Belogorsk,7352,16380,0,16377,3,16380,7,0
Shcholkine,4595,10189,0,10184,5,10189,4,0
Staryi Krym,4189,9219,0,9217,2,9219,4,0
Alupka,3580,7881,0,7848,33,7881,3,0

,Week 10
City,Budget,Population,Infected,Susceptible,Immune,Healthy,Vaccinated(step),Dead(step)
Simferopol,169681,341989,521,341167,301,341468,169,20
Kerch,75178,151327,217,150990,120,151110,75,4
Yevpatoria,52923,106852,609,106079,164,106243,52,32
Yalta,37923,78768,1349,77110,309,77419,37,70
Feodosia,33283,67692,553,67008,131,67139,33,21
Dzhankoy,18941,38485,193,38243,49,38292,18,7
Alushta,14897,30096,95,29968,33,30001,14,3
Bakhchysarai,13213,26625,37,26575,13,26588,13,1
Krasnoperekopsk,12468,24974,1,24960,13,24973,12,0
Saky,12310,24628,1,24620,7,24627,12,0
Armyansk,10663,21516,0,21504,12,21516,10,0
Sudak,8327,16797,0,16787,10,16797,8,0
Belogorsk,8163,16342,0,16338,4,16342,8,0
Shcholkine,5100,10141,0,10134,7,10141,5,0
Staryi Krym,4645,9223,0,9220,3,9223,4,0
Alupka,3971,7872,0,7804,68,7872,3,0

,Week 11
City,Budget,Population,Infected,Susceptible,Immune,Healthy,Vaccinated(step),Dead(step)
Simferopol,186047,341916,1453,339964,499,340463,186,66
Kerch,82434,151237,663,150370,204,150574,82,32
Yevpatoria,57569,106661,1164,105205,292,105497,57,46
Yalta,40405,78646,2478,75569,599,76168,40,95
Feodosia,36051,67641,1115,66271,255,66526,36,46
Dzhankoy,20643,38442,453,37895,94,37989,20,19
Alushta,16286,30101,241,29771,89,29860,16,20
Bakhchysarai,14492,26624,151,26439,34,26473,14,6
Krasnoperekopsk,13703,25091,31,25045,15,25060,13,0
Saky,13527,24609,10,24589,10,24599,13,0
Armyansk,11727,21489,0,21471,18,21489,11,0
Sudak,9158,16773,0,16761,12,16773,9,0
Belogorsk,8972,16366,0,16360,6,16366,8,0
Shcholkine,5602,10126,0,10119,7,10126,5,0
Staryi Krym,5102,9285,0,9280,5,9285,5,0
Alupka,4360,7850,0,7718,132,7850,4,0

,Week 12
City,Budget,Population,Infected,Susceptible,Immune,Healthy,Vaccinated(step),Dead(step)
Simferopol,201417,341769,3686,337050,1033,338083,201,152
Kerch,89211,151151,1703,149013,435,149448,89,71
Yevpatoria,61619,106641,2190,103842,609,104451,61,104
Yalta,41695,78320,4028,73076,1216,74292,41,171
Feodosia,38225,67603,2144,64963,496,65459,38,81
Dzhankoy,22067,38341,910,37227,204,37431,22,40
Alushta,17521,30080,551,29356,173,29529,17,23
Bakhchysarai,15649,26604,385,26083,136,26219,15,27
Krasnoperekopsk,14911,25100,149,24898,53,24951,14,7
Saky,14733,24535,49,24464,22,24486,14,1
Armyansk,12790,21445,5,21421,19,21440,12,0
Sudak,9988,16811,0,16797,14,16811,9,0
Belogorsk,9782,16407,0,16397,10,16407,9,0
Shcholkine,6102,10132,0,10123,9,10132,6,0
Staryi Krym,5561,9282,0,9274,8,9282,5,0
Alupka,4749,7826,0,7639,187,7826,4,0

,Week 13
City,Budget,Population,Infected,Susceptible,Immune,Healthy,Vaccinated(step),Dead(step)
Simferopol,214421,341590,8713,330694,2183,332877,214,403
Kerch,94886,151007,3967,146066,974,147040,94,188
Yevpatoria,64587,106393,3925,101270,1198,102468,64,137
Yalta,41340,78129,5940,69956,2233,72189,41,253
Feodosia,39315,67396,3599,62842,955,63797,39,152
Dzhankoy,23006,38186,1778,36006,402,36408,23,71
Alushta,18429,30020,1196,28507,317,28824,18,51
Bakhchysarai,16559,26508,781,25427,300,25727,16,27
Krasnoperekopsk,15993,25079,383,24557,139,24696,16,14
Saky,15893,24467,195,24210,62,24272,15,9
Armyansk,13844,21455,49,21379,27,21406,13,3
Sudak,10818,16790,4,16770,16,16786,10,0
Belogorsk,10592,16362,0,16350,12,16362,10,0
Shcholkine,6603,10195,0,10185,10,10195,6,0
Staryi Krym,6019,9261,0,9251,10,9261,6,0
Alupka,5135,7762,0,7489,273,7762,5,0

,Week 14
City,Budget,Population,Infected,Susceptible,Immune,Healthy,Vaccinated(step),Dead(step)
Simferopol,222130,341114,19594,316780,4740,321520,222,800
Kerch,98173,150460,8509,139739,2212,141951,98,341
Yevpatoria,65721,105984,6480,97163,2341,99504,65,289
Yalta,38971,77817,8220,65853,3744,69597,39,369
Feodosia,38867,67048,5245,59922,1881,61803,38,234
Dzhankoy,23025,38055,2963,34313,779,35092,23,124
Alushta,18656,29911,2287,27044,580,27624,18,92
Bakhchysarai,17047,26446,1371,24501,574,25075,17,54
Krasnoperekopsk,16829,25039,764,23912,363,24275,16,34
Saky,16896,24444,462,23815,167,23982,16,20
Armyansk,14851,21499,166,21280,53,21333,14,7
Sudak,11642,16763,29,16711,23,16734,11,1
Belogorsk,11399,16295,10,16271,14,16285,11,0
Shcholkine,7105,10201,0,10191,10,10201,7,0
Staryi Krym,6476,9237,0,9224,13,9237,6,0
Alupka,5518,7789,0,7396,393,7789,5,0

,Week 15
City,Budget,Population,Infected,Susceptible,Immune,Healthy,Vaccinated(step),Dead(step)
Simferopol,218394,339683,39226,290273,10184,300457,218,1646
Kerch,96666,149807,15600,129270,4937,134207,96,678
Yevpatoria,64152,105442,9958,91172,4312,95484,64,432
Yalta,34196,77462,11062,60356,6044,66400,34,471
Feodosia,36677,66886,6576,56991,3319,60310,36,263
Dzhankoy,21796,37922,4134,32309,1479,33788,21,167
Alushta,17733,29641,3761,24800,1080,25880,17,155
Bakhchysarai,16914,26277,2087,23293,897,24190,16,87
Krasnoperekopsk,17262,24969,1391,22941,637,23578,17,68
Saky,17616,24332,862,23055,415,23470,17,32
Armyansk,15737,21418,413,20848,157,21005,15,22
Sudak,12438,16658,123,16478,57,16535,12,7
Belogorsk,12191,16225,58,16141,26,16167,12,1
Shcholkine,7608,10168,13,10139,16,10155,7,0
Staryi Krym,6932,9229,3,9211,15,9226,6,0
Alupka,5903,7822,2,7303,517,7820,5,0

,Week 16
City,Budget,Population,Infected,Susceptible,Immune,Healthy,Vaccinated(step),Dead(step)
Simferopol,193996,336757,67238,248216,21303,269519,194,2822
Kerch,87689,148777,24708,113989,10080,124069,87,1043
Yevpatoria,58910,104815,14737,82499,7579,90078,58,591
Yalta,26428,76940,14596,53013,9331,62344,26,616
Feodosia,33083,66517,7490,53779,5248,59027,33,312
Dzhankoy,19332,37704,5065,29938,2701,32639,19,197
Alushta,15251,29466,5243,22286,1937,24223,15,200
Bakhchysarai,16021,26211,2901,21883,1427,23310,16,112
Krasnoperekopsk,17033,24829,2163,21618,1048,22666,17,96
Saky,17910,24217,1440,22020,757,22777,17,65
Armyansk,16358,21444,807,20249,388,20637,16,31
Sudak,13129,16637,301,16192,144,16336,13,14
Belogorsk,12930,16178,162,15951,65,16016,12,6
Shcholkine,8095,10188,56,10112,20,10132,8,1
Staryi Krym,7383,9213,18,9178,17,9195,7,0
Alupka,6286,7811,8,7116,687,7803,6,0

,Week 17
City,Budget,Population,Infected,Susceptible,Immune,Healthy,Vaccinated(step),Dead(step)
Simferopol,140094,332677,93523,197599,41555,239154,140,3904
Kerch,69115,147337,33637,94629,19071,113700,69,1344
Yevpatoria,48629,104179,20061,71439,12679,84118,48,783
Yalta,14936,76051,19219,43122,13710,56832,14,833
Feodosia,28516,66044,8425,49701,7918,57619,28,350
Dzhankoy,15884,37545,5561,27785,4199,31984,15,252
Alushta,11208,29245,6093,19870,3282,23152,11,297
Bakhchysarai,14271,26159,3611,20375,2173,22548,14,129
Krasnoperekopsk,15987,24694,2799,20245,1650,21895,16,109
Saky,17592,24096,2167,20679,1250,21929,17,101
Armyansk,16567,21394,1498,19176,720,19896,16,59
Sudak,13632,16640,591,15744,305,16049,13,18
Belogorsk,13556,16111,346,15599,166,15765,13,18
Shcholkine,8538,10218,130,10035,53,10088,8,6
Staryi Krym,7818,9188,70,9101,17,9118,7,1
Alupka,6661,7789,27,6935,827,7762,6,2

,Week 18
City,Budget,Population,Infected,Susceptible,Immune,Healthy,Vaccinated(step),Dead(step)
Simferopol,58469,328270,103276,152577,72417,224994,58,4260
Kerch,41122,145638,38220,75247,32171,107418,41,1567
Yevpatoria,32742,103191,24748,57990,20453,78443,32,1051
Yalta,-1441,75203,23904,31232,20067,51299,0,970
Feodosia,22950,65599,9641,45128,10830,55958,22,401
Dzhankoy,11911,37284,5884,25488,5912,31400,11,219
Alushta,6267,29033,6205,17661,5167,22828,6,246
Bakhchysarai,11777,26039,4086,18848,3105,21953,11,146
Krasnoperekopsk,14269,24501,3227,18834,2440,21274,14,137
Saky,16506,23918,2786,19249,1883,21132,16,136
Armyansk,16048,21381,2323,17892,1166,19058,16,84
Sudak,13830,16636,999,15105,532,15637,13,40
Belogorsk,13985,16049,694,15031,324,15355,13,30
Shcholkine,8904,10182,245,9822,115,9937,8,8
Staryi Krym,8196,9218,164,9000,54,9054,8,5
Alupka,7015,7799,57,6742,1000,7742,7,2

,Week 19
City,Budget,Population,Infected,Susceptible,Immune,Healthy,Vaccinated(step),Dead(step)
Simferopol,-33557,324495,91918,121457,111120,232577,0,3834
Kerch,8265,144163,36640,59119,48404,107523,8,1521
Yevpatoria,11905,101987,26800,44246,30941,75187,11,1149
Yalta,-22780,74130,25136,20412,28582,48994,0,987
Feodosia,16091,65051,11470,39503,14078,53581,16,498
Dzhankoy,7590,36934,6175,22910,7849,30759,7,262
Alushta,1202,28835,6145,15589,7101,22690,1,238
Bakhchysarai,8780,25844,4405,17278,4161,21439,8,195
Krasnoperekopsk,12093,24294,3423,17532,3339,20871,12,139
Saky,14762,23841,3243,17951,2647,20598,14,136
Armyansk,14664,21193,2861,16510,1822,18332,14,131
Sudak,13600,16605,1502,14240,863,15103,13,60
Belogorsk,14045,16002,1243,14171,588,14759,14,41
Shcholkine,9147,10185,417,9541,227,9768,9,17
Staryi Krym,8477,9206,339,8739,128,8867,8,16
Alupka,7336,7811,107,6494,1210,7704,7,6

,Week 20
City,Budget,Population,Infected,Susceptible,Immune,Healthy,Vaccinated(step),Dead(step)
Simferopol,-113848,321500,70174,101841,149485,251326,0,3083
Kerch,-22997,142810,30004,47135,65671,112806,0,1286
Yevpatoria,-11135,101028,24730,32985,43313,76298,0,1068
Yalta,-45466,73205,22199,12664,38342,51006,0,937
Feodosia,7293,64406,13352,32325,18729,51054,7,545
Dzhankoy,2951,36719,6399,20439,9881,30320,2,274
Alushta,-3807,28566,6193,13414,8959,22373,0,274
Bakhchysarai,5442,25531,4440,15601,5490,21091,5,181
Krasnoperekopsk,9705,24107,3715,16143,4249,20392,9,146
Saky,12537,23697,3043,16973,3681,20654,12,143
Armyansk,12707,21082,2735,15666,2681,18347,12,121
Sudak,12841,16541,1791,13443,1307,14750,12,80
Belogorsk,13526,15908,1968,12967,973,13940,13,89
Shcholkine,9209,10121,607,9130,384,9514,9,28
Staryi Krym,8573,9137,625,8268,244,8512,8,20
Alupka,7602,7810,187,6196,1427,7623,7,6

,Week 21
City,Budget,Population,Infected,Susceptible,Immune,Healthy,Vaccinated(step),Dead(step)
Simferopol,-171455,319303,49818,88975,180510,269485,0,2111
Kerch,-47361,142072,21901,38965,81206,120171,0,890
Yevpatoria,-32050,100376,19833,24866,55677,80543,0,811
Yalta,-65115,72450,16648,7779,48023,55802,0,705
Feodosia,-3505,63720,14297,24513,24910,49423,0,588
Dzhankoy,-1931,36554,6743,17701,12110,29811,0,272
Alushta,-8882,28183,6405,10996,10782,21778,0,262
Bakhchysarai,2055,25373,4390,14192,6791,20983,2,164
Krasnoperekopsk,7003,23888,3983,14569,5336,19905,7,150
Saky,10517,23562,2785,16244,4533,20777,10,112
Armyansk,10879,21045,2341,15129,3575,18704,10,82
Sudak,11777,16452,1821,12754,1877,14631,11,66
Belogorsk,12243,15749,2621,11640,1488,13128,12,93
Shcholkine,9069,10040,807,8663,570,9233,9,31
Staryi Krym,8365,9089,1006,7642,441,8083,8,42
Alupka,7786,7796,320,5850,1626,7476,7,11

,Week 22
City,Budget,Population,Infected,Susceptible,Immune,Healthy,Vaccinated(step),Dead(step)
Simferopol,-207799,317825,35443,79491,202891,282382,0,1475
Kerch,-63254,141348,15359,32964,93025,125989,0,643
Yevpatoria,-47855,99697,13841,19438,66418,85856,0,595
Yalta,-78973,72044,10868,5179,55997,61176,0,416
Feodosia,-15331,62968,13858,17763,31347,49110,0,564
Dzhankoy,-7183,36394,6806,14397,15191,29588,0,303
Alushta,-14198,27918,6263,9091,12564,21655,0,262
Bakhchysarai,-1285,25187,4119,12796,8272,21068,0,168
Krasnoperekopsk,4011,23726,4074,13067,6585,19652,4,183
Saky,8763,23460,2782,15365,5313,20678,8,109
Armyansk,9465,20916,1938,14690,4288,18978,9,98
Sudak,10677,16342,1651,12285,2406,14691,10,64
Belogorsk,10269,15756,2977,10508,2271,12779,10,108
Shcholkine,8716,10001,919,8233,849,9082,8,40
Staryi Krym,7757,9099,1390,6973,736,7709,7,54
Alupka,7830,7737,498,5423,1816,7239,7,16

,Week 23
City,Budget,Population,Infected,Susceptible,Immune,Healthy,Vaccinated(step),Dead(step)
Simferopol,-229123,316760,26239,72031,218490,290521,0,1092
Kerch,-72313,141077,10386,29012,101679,130691,0,420
Yevpatoria,-57404,99062,8999,15686,74377,90063,0,398
Yalta,-86782,71856,6186,3938,61732,65670,0,255
Feodosia,-26733,62354,11187,12941,38226,51167,0,447
Dzhankoy,-12510,36109,6365,11302,18442,29744,0,270
Alushta,-19378,27652,5823,7384,14445,21829,0,269
Bakhchysarai,-4351,25105,3729,11755,9621,21376,0,156
Krasnoperekopsk,919,23540,4091,11602,7847,19449,0,157
Saky,7008,23288,2834,14338,6116,20454,7,139
Armyansk,8468,20891,1839,14299,4753,19052,8,84
Sudak,9752,16343,1502,11932,2909,14841,9,52
Belogorsk,7924,15617,3052,9443,3122,12565,7,133
Shcholkine,8243,9931,1001,7805,1125,8930,8,48
Staryi Krym,6746,9029,1586,6315,1128,7443,6,61
Alupka,7686,7672,681,5011,1980,6991,7,32

,Week 24
City,Budget,Population,Infected,Susceptible,Immune,Healthy,Vaccinated(step),Dead(step)
Simferopol,-240836,316230,20505,66159,229566,295725,0,831
Kerch,-76165,140585,7109,26084,107392,133476,0,278
Yevpatoria,-61900,98722,6009,12857,79856,92713,0,257
Yalta,-89684,71625,3266,3334,65025,68359,0,133
Feodosia,-35362,61991,7508,9991,44492,54483,0,293
Dzhankoy,-17388,35855,5586,8564,21705,30269,0,261
Alushta,-24110,27468,4976,5529,16963,22492,0,200
Bakhchysarai,-7011,24966,3449,10636,10881,21517,0,144
Krasnoperekopsk,-2198,23344,3755,10423,9166,19589,0,174
Saky,5191,23147,3178,13021,6948,19969,5,153
Armyansk,7574,20832,1981,13641,5210,18851,7,61
Sudak,8984,16253,1341,11583,3329,14912,8,54
Belogorsk,5495,15554,2955,8597,4002,12599,5,128
Shcholkine,7681,9898,982,7496,1420,8916,7,41
Staryi Krym,5527,8959,1605,5744,1610,7354,5,70
Alupka,7347,7620,892,4528,2200,6728,7,28

,Week 25
City,Budget,Population,Infected,Susceptible,Immune,Healthy,Vaccinated(step),Dead(step)
Simferopol,-246555,315286,16703,60794,237789,298583,0,705
Kerch,-76600,140413,5220,23891,111302,135193,0,213
Yevpatoria,-63273,98489,4395,10639,83455,94094,0,185
Yalta,-89532,71644,1647,2906,67091,69997,0,53
Feodosia,-40146,61738,4581,8046,49111,57157,0,188
Dzhankoy,-21460,35630,4232,6578,24820,31398,0,189
Alushta,-27961,27271,4128,3971,19172,23143,0,164
Bakhchysarai,-9384,24833,3418,8967,12448,21415,0,148
Krasnoperekopsk,-4974,23282,3390,9639,10253,19892,0,134
Saky,3009,23034,3619,11563,7852,19415,3,143
Armyansk,6530,20720,2279,12697,5744,18441,6,104
Sudak,8380,16194,1363,11153,3678,14831,8,48
Belogorsk,3167,15441,2899,7781,4761,12542,3,122
Shcholkine,7138,9912,981,7230,1701,8931,7,49
Staryi Krym,4286,8906,1472,5319,2115,7434,4,58
Alupka,6784,7572,1057,4080,2435,6515,6,43

,Week 26
City,Budget,Population,Infected,Susceptible,Immune,Healthy,Vaccinated(step),Dead(step)
Simferopol,-248328,314932,14335,55914,244683,300597,0,570
Kerch,-75060,140038,4254,22007,113777,135784,0,174
Yevpatoria,-62963,98341,3535,8904,85902,94806,0,136
Yalta,-87680,71584,846,2641,68097,70738,0,34
Feodosia,-41869,61740,2750,6687,52303,58990,0,101
Dzhankoy,-24122,35439,2885,5168,27386,32554,0,119
Alushta,-30932,27214,3122,2800,21292,24092,0,108
Bakhchysarai,-11731,24641,3389,7033,14219,21252,0,150
Krasnoperekopsk,-7369,23068,3170,8600,11298,19898,0,137
Saky,361,22842,4005,10003,8834,18837,0,144
Armyansk,5168,20593,2887,11410,6296,17706,5,134
Sudak,7752,16095,1591,10552,3952,14504,7,67
Belogorsk,895,15334,2821,7086,5427,12513,0,107
Shcholkine,6598,9913,1077,6863,1973,8836,6,43
Staryi Krym,3183,8845,1363,4955,2527,7482,3,62
Alupka,6047,7487,1157,3635,2695,6330,6,48

,Week 27
City,Budget,Population,Infected,Susceptible,Immune,Healthy,Vaccinated(step),Dead(step)
Simferopol,-247634,314249,12935,51317,249997,301314,0,489
Kerch,-72525,139854,3816,20087,115951,136038,0,167
Yevpatoria,-61758,98239,3167,7517,87555,95072,0,117
Yalta,-84989,71562,480,2511,68571,71082,0,25
Feodosia,-41669,61620,1719,5646,54255,59901,0,75
Dzhankoy,-25380,35498,1936,4194,29368,33562,0,82
Alushta,-32849,27182,2045,2063,23074,25137,0,86
Bakhchysarai,-14058,24487,3063,5257,16167,21424,0,128
Krasnoperekopsk,-9544,22956,3184,6997,12775,19772,0,104
Saky,-2702,22560,3973,8592,9995,18587,0,192
Armyansk,3163,20441,3556,9770,7115,16885,3,150
Sudak,6880,16060,1966,9692,4402,14094,6,77
Belogorsk,-1299,15228,2689,6479,6060,12539,0,99
Shcholkine,5957,9918,1183,6505,2230,8735,5,44
Staryi Krym,2192,8734,1337,4574,2823,7397,2,56
Alupka,5202,7449,1145,3331,2973,6304,5,54

,Week 28
City,Budget,Population,Infected,Susceptible,Immune,Healthy,Vaccinated(step),Dead(step)
Simferopol,-245503,313715,11777,46983,254955,301938,0,539
Kerch,-69539,139600,3729,18276,117595,135871,0,162
Yevpatoria,-60171,98180,2721,6524,88935,95459,0,114
Yalta,-81915,71450,285,2413,68752,71165,0,9
Feodosia,-40393,61482,1213,4804,55465,60269,0,43
Dzhankoy,-25638,35451,1283,3495,30673,34168,0,55
Alushta,-33637,27055,1222,1652,24181,25833,0,54
Bakhchysarai,-16049,24501,2488,3967,18046,22013,0,108
Krasnoperekopsk,-11740,22837,3011,5220,14606,19826,0,149
Saky,-5745,22443,3737,7104,11602,18706,0,166
Armyansk,451,20328,3918,8268,8142,16410,0,163
Sudak,5614,15964,2543,8458,4963,13421,5,102
Belogorsk,-3361,15145,2532,6003,6610,12613,0,117
Shcholkine,5206,9810,1298,5986,2526,8512,5,47
Staryi Krym,1224,8669,1360,4228,3081,7309,1,52
Alupka,4368,7343,999,3118,3226,6344,4,53

,Week 29
City,Budget,Population,Infected,Susceptible,Immune,Healthy,Vaccinated(step),Dead(step)
Simferopol,-242183,313193,10564,43107,259522,302629,0,451
Kerch,-66475,139543,3614,16682,119247,135929,0,159
Yevpatoria,-58119,97984,2277,5753,89954,95707,0,91
Yalta,-78641,71416,241,2436,68739,71175,0,13
Feodosia,-38593,61482,960,4015,56507,60522,0,40
Dzhankoy,-25212,35393,948,2886,31559,34445,0,41
Alushta,-33568,27034,660,1384,24990,26374,0,25
Bakhchysarai,-17437,24398,1805,3061,19532,22593,0,69
Krasnoperekopsk,-13759,22682,2599,3799,16284,20083,0,104
Saky,-8547,22312,3388,5275,13649,18924,0,142
Armyansk,-2645,20183,4047,6785,9351,16136,0,160
Sudak,3739,15856,3032,7084,5740,12824,3,117
Belogorsk,-5263,15061,2549,5352,7160,12512,0,109
Shcholkine,4330,9742,1422,5508,2812,8320,4,61
Staryi Krym,229,8634,1377,3925,3332,7257,0,50
Alupka,3683,7273,845,3033,3395,6428,3,28

,Week 30
City,Budget,Population,Infected,Susceptible,Immune,Healthy,Vaccinated(step),Dead(step)
Simferopol,-237616,312708,9566,39357,263785,303142,0,393
Kerch,-63292,139495,3221,15286,120988,136274,0,138
Yevpatoria,-55611,97959,1894,5217,90848,96065,0,70
Yalta,-75324,71351,241,2409,68701,71110,0,6
Feodosia,-36527,61465,836,3400,57229,60629,0,29
Dzhankoy,-24438,35362,746,2376,32240,34616,0,23
Alushta,-32909,27026,381,1243,25402,26645,0,15
Bakhchysarai,-18112,24322,1232,2443,20647,23090,0,56
Krasnoperekopsk,-15354,22527,2024,2775,17728,20503,0,81
Saky,-10989,22189,2852,3768,15569,19337,0,120
Armyansk,-5885,20019,3852,5236,10931,16167,0,161
Sudak,1347,15679,3010,6049,6620,12669,1,146
Belogorsk,-7186,14970,2663,4617,7690,12307,0,117
Shcholkine,3321,9686,1547,5016,3123,8139,3,76
Staryi Krym,-784,8513,1372,3617,3524,7141,0,53
Alupka,3156,7270,803,2963,3504,6467,3,37

,Week 31
City,Budget,Population,Infected,Susceptible,Immune,Healthy,Vaccinated(step),Dead(step)
Simferopol,-232024,312001,8209,35998,267794,303792,0,346
Kerch,-59699,139430,2800,14045,122585,136630,0,119
Yevpatoria,-52702,97973,1608,4786,91579,96365,0,67
Yalta,-72009,71403,210,2440,68753,71193,0,16
Feodosia,-34331,61420,790,2858,57772,60630,0,34
Dzhankoy,-23453,35327,641,1954,32732,34686,0,20
Alushta,-31958,26984,196,1129,25659,26788,0,9
Bakhchysarai,-18190,24317,845,2015,21457,23472,0,31
Krasnoperekopsk,-16353,22453,1509,2041,18903,20944,0,60
Saky,-12874,22144,2251,2647,17246,19893,0,80
Armyansk,-8929,19961,3558,3660,12743,16403,0,140
Sudak,-1028,15495,2695,5235,7565,12800,0,133
Belogorsk,-9234,14813,2623,3951,8239,12190,0,127
Shcholkine,2179,9663,1600,4517,3546,8063,2,58
Staryi Krym,-1799,8498,1413,3331,3754,7085,0,49
Alupka,2675,7224,771,2894,3559,6453,2,23

,Week 32
City,Budget,Population,Infected,Susceptible,Immune,Healthy,Vaccinated(step),Dead(step)
Simferopol,-225044,311650,7088,33096,271466,304562,0,289
Kerch,-55668,139527,2326,13051,124150,137201,0,98
Yevpatoria,-49491,97965,1339,4378,92248,96626,0,67
Yalta,-68659,71338,159,2521,68658,71179,0,11
Feodosia,-32090,61374,768,2439,58167,60606,0,19
Dzhankoy,-22360,35305,540,1617,33148,34765,0,24
Alushta,-30814,26876,99,1053,25724,26777,0,2
Bakhchysarai,-17861,24293,616,1619,22058,23677,0,20
Krasnoperekopsk,-16815,22356,1058,1531,19767,21298,0,39
Saky,-14130,22068,1647,1915,18506,20421,0,57
Armyansk,-11667,19880,2865,2388,14627,17015,0,112
Sudak,-3083,15440,2404,4439,8597,13036,0,94
Belogorsk,-11247,14709,2418,3423,8868,12291,0,111
Shcholkine,982,9550,1649,3913,3988,7901,0,64
Staryi Krym,-2858,8359,1494,2945,3920,6865,0,73
Alupka,2224,7167,817,2789,3561,6350,2,35

,Week 33
City,Budget,Population,Infected,Susceptible,Immune,Healthy,Vaccinated(step),Dead(step)
Simferopol,-216904,311336,6199,30474,274663,305137,0,286
Kerch,-51134,139403,1977,12040,125386,137426,0,87
Yevpatoria,-45999,97963,1122,4128,92713,96841,0,52
Yalta,-65259,71300,129,2572,68599,71171,0,5
Feodosia,-29828,61374,618,2178,58578,60756,0,21
Dzhankoy,-21162,35432,401,1409,33622,35031,0,22
Alushta,-29575,26799,52,964,25783,26747,0,1
Bakhchysarai,-17293,24243,498,1292,22453,23745,0,22
Krasnoperekopsk,-16808,22257,776,1162,20319,21481,0,31
Saky,-14756,21976,1072,1472,19432,20904,0,38
Armyansk,-13681,19763,2100,1568,16095,17663,0,88
Sudak,-4836,15410,2300,3423,9687,13110,0,98
Belogorsk,-13051,14555,2069,3105,9381,12486,0,103
Shcholkine,-271,9494,1690,3332,4472,7804,0,72
Staryi Krym,-4009,8295,1559,2505,4231,6736,0,60
Alupka,1724,7099,947,2573,3579,6152,1,42

,Week 34
City,Budget,Population,Infected,Susceptible,Immune,Healthy,Vaccinated(step),Dead(step)
Simferopol,-207846,311187,5339,28134,277714,305848,0,236
Kerch,-46240,139226,1732,11175,126319,137494,0,78
Yevpatoria,-42279,97757,897,3949,92911,96860,0,38
Yalta,-61830,71419,93,2654,68672,71326,0,2
Feodosia,-27408,61301,426,2088,58787,60875,0,20
Dzhankoy,-19811,35515,266,1306,33943,35249,0,12
Alushta,-28289,26872,27,939,25906,26845,0,0
Bakhchysarai,-16604,24263,398,1057,22808,23865,0,17
Krasnoperekopsk,-16510,22131,524,912,20695,21607,0,20
Saky,-14783,21863,710,1164,19989,21153,0,33
Armyansk,-14898,19751,1279,1138,17334,18472,0,43
Sudak,-6480,15311,2054,2307,10950,13257,0,81
Belogorsk,-14495,14441,1829,2751,9861,12612,0,88
Shcholkine,-1571,9403,1543,2930,4930,7860,0,62
Staryi Krym,-5231,8239,1552,2107,4580,6687,0,66
Alupka,1083,7048,1131,2215,3702,5917,1,51

,Week 35
City,Budget,Population,Infected,Susceptible,Immune,Healthy,Vaccinated(step),Dead(step)
Simferopol,-197892,310951,4636,25972,280343,306315,0,180
Kerch,-41097,139131,1528,10366,127237,137603,0,72
Yevpatoria,-38333,97597,601,3933,93063,96996,0,34
Yalta,-58357,71458,64,2679,68715,71394,0,2
Feodosia,-24790,61380,235,2094,59051,61145,0,13
Dzhankoy,-18315,35439,155,1266,34018,35284,0,6
Alushta,-26974,26883,11,908,25964,26872,0,0
Bakhchysarai,-15809,24150,290,935,22925,23860,0,14
Krasnoperekopsk,-15954,22084,288,788,21008,21796,0,13
Saky,-14435,21821,463,951,20407,21358,0,30
Armyansk,-15253,19759,720,912,18127,19039,0,31
Sudak,-7871,15287,1651,1546,12090,13636,0,63
Belogorsk,-15694,14473,1619,2361,10493,12854,0,60
Shcholkine,-2721,9388,1213,2710,5465,8175,0,46
Staryi Krym,-6448,8140,1412,1777,4951,6728,0,60
Alupka,248,6975,1247,1839,3889,5728,0,53

,Week 36
City,Budget,Population,Infected,Susceptible,Immune,Healthy,Vaccinated(step),Dead(step)
Simferopol,-187213,310824,4032,24009,282783,306792,0,147
Kerch,-35745,139025,1345,9631,128049,137680,0,60
Yevpatoria,-34084,97436,394,3937,93105,97042,0,19
Yalta,-54851,71413,55,2778,68580,71358,0,2
Feodosia,-21968,61330,115,2133,59082,61215,0,3
Dzhankoy,-16705,35478,73,1271,34134,35405,0,1
Alushta,-25641,26867,6,915,25946,26861,0,0
Bakhchysarai,-14906,24071,166,851,23054,23905,0,10
Krasnoperekopsk,-15152,22149,138,742,21269,22011,0,6
Saky,-13830,21812,295,795,20722,21517,0,13
Armyansk,-15021,19748,353,819,18576,19395,0,22
Sudak,-8840,15287,1164,1066,13057,14123,0,44
Belogorsk,-16670,14440,1490,1752,11198,12950,0,63
Shcholkine,-3525,9363,1023,2518,5822,8340,0,41
Staryi Krym,-7524,8096,1202,1605,5289,6894,0,43
Alupka,-711,6915,1205,1576,4134,5710,0,60

,Week 37
City,Budget,Population,Infected,Susceptible,Immune,Healthy,Vaccinated(step),Dead(step)
Simferopol,-175905,310761,3349,22441,284971,307412,0,150
Kerch,-30206,138922,1265,8883,128774,137657,0,45
Yevpatoria,-29626,97410,257,3985,93168,97153,0,8
Yalta,-51338,71405,43,2819,68543,71362,0,6
Feodosia,-19022,61211,51,2178,58982,61160,0,5
Dzhankoy,-15008,35492,28,1265,34199,35464,0,1
Alushta,-24304,26900,3,925,25972,26897,0,0
Bakhchysarai,-13876,24066,80,817,23169,23986,0,5
Krasnoperekopsk,-14189,22134,68,712,21354,22066,0,2
Saky,-13050,21782,177,720,20885,21605,0,9
Armyansk,-14405,19733,164,757,18812,19569,0,7
Sudak,-9298,15287,765,770,13752,14522,0,32
Belogorsk,-17513,14360,1132,1303,11925,13228,0,57
Shcholkine,-4131,9334,966,2254,6114,8368,0,49
Staryi Krym,-8381,7994,889,1589,5516,7105,0,37
Alupka,-1631,6877,1041,1406,4430,5836,0,45

,Week 38
City,Budget,Population,Infected,Susceptible,Immune,Healthy,Vaccinated(step),Dead(step)
Simferopol,-163884,310289,2829,20975,286485,307460,0,116
Kerch,-24588,138761,1167,8297,129297,137594,0,37
Yevpatoria,-25026,97495,180,4066,93249,97315,0,7
Yalta,-47813,71418,40,2824,68554,71378,0,3
Feodosia,-16015,61291,26,2268,58997,61265,0,0
Dzhankoy,-13263,35666,12,1312,34342,35654,0,0
Alushta,-22962,26937,1,922,26014,26936,0,0
Bakhchysarai,-12757,24073,40,793,23240,24033,0,1
Krasnoperekopsk,-13154,22111,27,697,21387,22084,0,1
Saky,-12146,21769,88,652,21029,21681,0,3
Armyansk,-13590,19676,73,710,18893,19603,0,0
Sudak,-9337,15211,432,599,14180,14779,0,22
Belogorsk,-17983,14324,746,991,12587,13578,0,24
Shcholkine,-4679,9346,1095,1791,6460,8251,0,54
Staryi Krym,-8915,7967,635,1608,5724,7332,0,33
Alupka,-2380,6860,811,1344,4705,6049,0,35

,Week 39
City,Budget,Population,Infected,Susceptible,Immune,Healthy,Vaccinated(step),Dead(step)
Simferopol,-151340,310151,2472,19649,288030,307679,0,101
Kerch,-18875,138789,994,7783,130012,137795,0,35
Yevpatoria,-20340,97489,134,4134,93221,97355,0,5
Yalta,-44284,71262,27,2852,68383,71235,0,3
Feodosia,-12978,61348,17,2283,59048,61331,0,1
Dzhankoy,-11492,35637,5,1372,34260,35632,0,0
Alushta,-21617,26871,1,937,25933,26870,0,0
Bakhchysarai,-11596,24058,14,816,23228,24044,0,1
Krasnoperekopsk,-12077,22111,10,664,21437,22101,0,0
Saky,-11150,21771,39,635,21097,21732,0,3
Armyansk,-12683,19682,32,662,18988,19650,0,1
Sudak,-9030,15228,213,534,14481,15015,0,7
Belogorsk,-18050,14360,479,822,13059,13881,0,18
Shcholkine,-5361,9359,1126,1256,6977,8233,0,41
Staryi Krym,-9184,7896,592,1564,5740,7304,0,19
Alupka,-2889,6785,599,1371,4815,6186,0,27

,Week 40
City,Budget,Population,Infected,Susceptible,Immune,Healthy,Vaccinated(step),Dead(step)
Simferopol,-138428,309909,2209,18444,289256,307700,0,93
Kerch,-12979,138708,888,7361,130459,137820,0,35
Yevpatoria,-15606,97509,112,4149,93248,97397,0,5
Yalta,-40749,71291,14,2880,68397,71277,0,1
Feodosia,-9928,61347,12,2332,59003,61335,0,0
Dzhankoy,-9716,35641,2,1417,34222,35639,0,0
Alushta,-20274,26843,0,966,25877,26843,0,0
Bakhchysarai,-10407,24109,6,831,23272,24103,0,0
Krasnoperekopsk,-10982,22119,2,688,21429,22117,0,1
Saky,-10103,21767,15,647,21105,21752,0,1
Armyansk,-11733,19679,11,633,19035,19668,0,0
Sudak,-8493,15213,109,493,14611,15104,0,4
Belogorsk,-17835,14314,259,694,13361,14055,0,8
Shcholkine,-6076,9346,935,824,7587,8411,0,37
Staryi Krym,-9410,7826,698,1350,5778,7128,0,33
Alupka,-3178,6814,503,1419,4892,6311,0,19

,Week 41
City,Budget,Population,Infected,Susceptible,Immune,Healthy,Vaccinated(step),Dead(step)
Simferopol,-125252,309836,1976,17408,290452,307860,0,98
Kerch,-6976,138761,849,6995,130917,137912,0,23
Yevpatoria,-10848,97446,88,4157,93201,97358,0,4
Yalta,-37199,71225,16,2929,68280,71209,0,1
Feodosia,-6874,61451,4,2362,59085,61447,0,1
Dzhankoy,-7936,35576,2,1402,34172,35574,0,0
Alushta,-18932,26734,0,1002,25732,26734,0,0
Bakhchysarai,-9208,24039,3,865,23171,24036,0,0
Krasnoperekopsk,-9878,22170,0,693,21477,22170,0,0
Saky,-9030,21728,5,663,21060,21723,0,0
Armyansk,-10760,19710,5,602,19103,19705,0,0
Sudak,-7846,15259,49,466,14744,15210,0,3
Belogorsk,-17391,14274,141,602,13531,14133,0,5
Shcholkine,-6590,9311,665,576,8070,8646,0,30
Staryi Krym,-9752,7772,709,1046,6017,7063,0,32
Alupka,-3366,6805,496,1411,4898,6309,0,15

,Week 42
City,Budget,Population,Infected,Susceptible,Immune,Healthy,Vaccinated(step),Dead(step)
Simferopol,-111835,309642,1793,16394,291455,307849,0,76
Kerch,-930,138740,783,6622,131335,137957,0,34
Yevpatoria,-6068,97523,76,4203,93244,97447,0,1
Yalta,-33655,71294,19,2984,68291,71275,0,0
Feodosia,-3805,61504,3,2423,59078,61501,0,0
Dzhankoy,-6159,35577,1,1418,34158,35576,0,0
Alushta,-17595,26696,0,1033,25663,26696,0,0
Bakhchysarai,-8009,24049,0,887,23162,24049,0,0
Krasnoperekopsk,-8769,22155,0,709,21446,22155,0,0
Saky,-7949,21788,3,668,21117,21785,0,0
Armyansk,-9780,19664,3,579,19082,19661,0,0
Sudak,-7135,15274,25,446,14803,15249,0,0
Belogorsk,-16826,14195,73,550,13572,14122,0,4
Shcholkine,-6823,9260,429,423,8408,8831,0,16
Staryi Krym,-10108,7676,613,798,6265,7063,0,22
Alupka,-3546,6757,551,1308,4898,6206,0,24

,Week 43
City,Budget,Population,Infected,Susceptible,Immune,Healthy,Vaccinated(step),Dead(step)
Simferopol,-98235,309454,1443,15708,292303,308011,0,71
Kerch,5179,138886,633,6425,131828,138253,5,38
Yevpatoria,-1272,97338,63,4191,93084,97275,0,1
Yalta,-30110,71162,10,2996,68156,71152,0,0
Feodosia,-733,61552,3,2476,59073,61549,0,0
Dzhankoy,-4381,35657,1,1429,34227,35656,0,0
Alushta,-16260,26744,0,1019,25725,26744,0,0
Bakhchysarai,-6807,24016,0,894,23122,24016,0,0
Krasnoperekopsk,-7662,22220,0,767,21453,22220,0,0
Saky,-6863,21787,3,704,21080,21784,0,0
Armyansk,-8800,19656,2,566,19088,19654,0,0
Sudak,-6397,15259,7,429,14823,15252,0,0
Belogorsk,-16193,14153,37,503,13613,14116,0,1
Shcholkine,-6810,9220,239,341,8640,8981,0,11
Staryi Krym,-10368,7643,438,624,6581,7205,0,22
Alupka,-3787,6748,644,1091,5013,6104,0,31

,Week 44
City,Budget,Population,Infected,Susceptible,Immune,Healthy,Vaccinated(step),Dead(step)
Simferopol,-84278,309105,965,15310,292830,308140,0,48
Kerch,11448,138751,501,6278,131972,138250,11,25
Yevpatoria,3525,97389,46,4212,93131,97343,3,0
Yalta,-26563,71333,9,3020,68304,71324,0,0
Feodosia,2338,61633,8,2507,59118,61625,2,0
Dzhankoy,-2599,35652,0,1427,34225,35652,0,0
Alushta,-14923,26784,1,1038,25745,26783,0,0
Bakhchysarai,-5606,24004,0,924,23080,24004,0,0
Krasnoperekopsk,-6551,22235,0,793,21442,22235,0,0
Saky,-5777,21753,2,711,21040,21751,0,0
Armyansk,-7819,19566,2,572,18992,19564,0,0
Sudak,-5642,15280,2,418,14860,15278,0,0
Belogorsk,-15524,14146,18,480,13648,14128,0,3
Shcholkine,-6600,9236,129,308,8799,9107,0,8
Staryi Krym,-10445,7684,306,493,6885,7378,0,6
Alupka,-4126,6690,621,855,5214,6069,0,33

,Week 45
City,Budget,Population,Infected,Susceptible,Immune,Healthy,Vaccinated(step),Dead(step)
Simferopol,-69836,309152,581,15001,293570,308571,0,19
Kerch,17842,138597,362,6213,132022,138235,17,14
Yevpatoria,8338,97501,40,4302,93159,97461,8,0
Yalta,-23005,71322,9,3063,68250,71313,0,0
Feodosia,5407,61593,5,2509,59079,61588,5,0
Dzhankoy,-817,35642,0,1446,34196,35642,0,0
Alushta,-13585,26761,1,1089,25671,26760,0,0
Bakhchysarai,-4406,23974,0,937,23037,23974,0,0
Krasnoperekopsk,-5439,22177,0,796,21381,22177,0,0
Saky,-4691,21714,2,737,20975,21712,0,0
Armyansk,-6843,19550,1,569,18980,19549,0,0
Sudak,-4880,15314,1,410,14903,15313,0,0
Belogorsk,-14835,14113,12,453,13648,14101,0,0
Shcholkine,-6274,9235,54,283,8898,9181,0,5
Staryi Krym,-10382,7714,177,397,7140,7537,0,10
Alupka,-4443,6680,519,660,5501,6161,0,32

,Week 46
City,Budget,Population,Infected,Susceptible,Immune,Healthy,Vaccinated(step),Dead(step)
Simferopol,-54988,308960,316,14817,293827,308644,0,10
Kerch,24368,138500,215,6136,132149,138285,24,11
Yevpatoria,13158,97600,32,4305,93263,97568,13,0
Yalta,-19449,71294,6,3088,68200,71288,0,0
Feodosia,8473,61622,3,2527,59092,61619,8,0
Dzhankoy,964,35690,0,1454,34236,35690,0,0
Alushta,-12248,26758,1,1100,25657,26757,0,0
Bakhchysarai,-3207,23964,0,954,23010,23964,0,0
Krasnoperekopsk,-4330,22169,0,807,21362,22169,0,0
Saky,-3607,21687,0,778,20909,21687,0,0
Armyansk,-5867,19622,2,587,19033,19620,0,0
Sudak,-4115,15273,0,412,14861,15273,0,0
Belogorsk,-14142,14125,5,444,13676,14120,0,0
Shcholkine,-5869,9246,21,270,8955,9225,0,0
Staryi Krym,-10183,7728,121,338,7269,7607,0,3
Alupka,-4654,6640,396,543,5701,6244,0,12

,Week 47
City,Budget,Population,Infected,Susceptible,Immune,Healthy,Vaccinated(step),Dead(step)
Simferopol,-39872,309042,173,14651,294218,308869,0,6
Kerch,31036,138483,131,6112,132240,138352,31,3
Yevpatoria,17986,97554,22,4343,93189,97532,18,0
Yalta,-15890,71154,8,3104,68042,71146,0,0
Feodosia,11540,61683,3,2532,59148,61680,11,0
Dzhankoy,2747,35599,0,1469,34130,35599,2,0
Alushta,-10911,26760,0,1081,25679,26760,0,1
Bakhchysarai,-2009,23953,0,984,22969,23953,0,0
Krasnoperekopsk,-3221,22069,0,840,21229,22069,0,0
Saky,-2523,21745,0,799,20946,21745,0,0
Armyansk,-4888,19644,1,603,19040,19643,0,0
Sudak,-3352,15366,0,414,14952,15366,0,0
Belogorsk,-13441,14123,3,430,13690,14120,0,0
Shcholkine,-5428,9235,8,256,8971,9227,0,1
Staryi Krym,-9923,7707,68,308,7331,7639,0,4
Alupka,-4738,6610,264,464,5882,6346,0,10

,Week 48
City,Budget,Population,Infected,Susceptible,Immune,Healthy,Vaccinated(step),Dead(step)
Simferopol,-24601,308945,91,14481,294373,308854,0,1
Kerch,37785,138348,81,6148,132119,138267,37,3
Yevpatoria,22819,97560,12,4376,93172,97548,22,0
Yalta,-12341,71266,10,3087,68169,71256,0,0
Feodosia,14607,61640,4,2592,59044,61636,14,0
Dzhankoy,4523,35650,0,1488,34162,35650,4,0
Alushta,-9573,26713,0,1094,25619,26713,0,0
Bakhchysarai,-811,23978,0,976,23002,23978,0,0
Krasnoperekopsk,-2118,22086,0,840,21246,22086,0,0
Saky,-1436,21747,0,834,20913,21747,0,0
Armyansk,-3906,19720,1,611,19108,19719,0,0
Sudak,-2583,15384,0,410,14974,15384,0,0
Belogorsk,-12738,14026,1,426,13599,14025,0,0
Shcholkine,-4975,9234,2,248,8984,9232,0,0
Staryi Krym,-9609,7706,33,278,7395,7673,0,0
Alupka,-4685,6589,153,405,6031,6436,0,4

,Week 49
City,Budget,Population,Infected,Susceptible,Immune,Healthy,Vaccinated(step),Dead(step)
Simferopol,-9250,308821,41,14449,294331,308780,0,1
Kerch,44572,138273,35,6109,132129,138238,44,2
Yevpatoria,27657,97694,11,4385,93298,97683,27,0
Yalta,-8788,71179,7,3095,68077,71172,0,1
Feodosia,17668,61659,3,2595,59061,61656,17,0
Dzhankoy,6299,35707,1,1503,34203,35706,6,0
Alushta,-8238,26728,0,1110,25618,26728,0,0
Bakhchysarai,387,23942,0,985,22957,23942,0,0
Krasnoperekopsk,-1014,22104,0,840,21264,22104,0,0
Saky,-348,21776,0,843,20933,21776,0,0
Armyansk,-2921,19726,0,623,19103,19726,0,0
Sudak,-1814,15401,0,432,14969,15401,0,0
Belogorsk,-12038,13991,0,417,13574,13991,0,0
Shcholkine,-4515,9162,1,234,8927,9161,0,0
Staryi Krym,-9259,7708,17,256,7435,7691,0,0
Alupka,-4517,6591,92,361,6138,6499,0,3

,Week 50
City,Budget,Population,Infected,Susceptible,Immune,Healthy,Vaccinated(step),Dead(step)
Simferopol,6141,308647,12,14345,294290,308635,6,0
Kerch,51398,138263,10,6080,132173,138253,51,2
Yevpatoria,32499,97690,7,4382,93301,97683,32,0
Yalta,-5237,71165,3,3132,68030,71162,0,1
Feodosia,20728,61655,3,2604,59048,61652,20,0
Dzhankoy,8076,35774,1,1499,34274,35773,8,0
Alushta,-6901,26712,0,1128,25584,26712,0,0
Bakhchysarai,1583,24029,0,1007,23022,24029,1,0
Krasnoperekopsk,90,22070,0,865,21205,22070,0,0
Saky,739,21778,0,860,20918,21778,0,0
Armyansk,-1935,19808,0,662,19146,19808,0,0
Sudak,-1044,15372,0,447,14925,15372,0,0
Belogorsk,-11339,14002,0,413,13589,14002,0,0
Shcholkine,-4058,9120,1,219,8900,9119,0,0
Staryi Krym,-8891,7684,8,235,7441,7676,0,1
Alupka,-4284,6562,45,307,6210,6517,0,0

